{
  "segment_totals": {
    "1 PV": {
      "total": 15198170.449999975,
      "c1": 3178880.1700000004,
      "c2": 12019290.28,
      "count_c1": 1813,
      "count_c2": 5771
    },
    "2 PV": {
      "total": 2976003.6500000004,
      "c1": 420672.97,
      "c2": 2555330.6799999992,
      "count_c1": 187,
      "count_c2": 924
    }
  },
  "corte_totals": {
    "23": {
      "corte": 23,
      "asig_dia": 24,
      "total": 2680156.06,
      "c1": 0.0,
      "c2": 2680156.06,
      "count": 1238
    },
    "8": {
      "corte": 8,
      "asig_dia": 9,
      "total": 795313.1199999998,
      "c1": 475146.51,
      "c2": 320166.61,
      "count": 352
    },
    "15": {
      "corte": 15,
      "asig_dia": 16,
      "total": 2789491.320000001,
      "c1": 823569.8,
      "c2": 1965921.52,
      "count": 1361
    },
    "10": {
      "corte": 10,
      "asig_dia": 11,
      "total": 4089544.6200000024,
      "c1": 2208314.4399999985,
      "c2": 1881230.1800000002,
      "count": 2110
    },
    "11": {
      "corte": 11,
      "asig_dia": 12,
      "total": 220331.32,
      "c1": 69425.70999999999,
      "c2": 150905.61,
      "count": 106
    },
    "20": {
      "corte": 20,
      "asig_dia": 21,
      "total": 2062914.9899999988,
      "c1": 0.0,
      "c2": 2062914.9899999988,
      "count": 965
    },
    "25": {
      "corte": 25,
      "asig_dia": 26,
      "total": 3946132.3500000006,
      "c1": 0.0,
      "c2": 3946132.3500000006,
      "count": 1925
    },
    "28": {
      "corte": 28,
      "asig_dia": 29,
      "total": 1396846.1300000001,
      "c1": 0.0,
      "c2": 1396846.1300000001,
      "count": 545
    },
    "19": {
      "corte": 19,
      "asig_dia": 20,
      "total": 169847.51,
      "c1": 0.0,
      "c2": 169847.51,
      "count": 67
    },
    "3": {
      "corte": 3,
      "asig_dia": 4,
      "total": 10630.68,
      "c1": 10130.68,
      "c2": 500.0,
      "count": 12
    },
    "5": {
      "corte": 5,
      "asig_dia": 6,
      "total": 12966.0,
      "c1": 12966.0,
      "c2": 0.0,
      "count": 14
    }
  },
  "total_rows": 8695
}